,name,real_name,full_name,overall_score,intelligence_score,strength_score,speed_score,durability_score,power_score,combat_score,superpowers,creator
2,A-Bomb,Richard Milhouse Jones,Richard Milhouse Jones,20,80,100,80,100,100,80,"['Accelerated Healing', 'Agility', 'Berserk Mode', 'Bloodlust', 'Camouflage', 'Cloaking', 'Cold Resistance', 'Durability', 'Emotional Power Up', 'Endurance', 'Energy Resistance', 'Enhanced Senses', 'Fire Resistance', 'Gamma Mutant Physiology', 'Heat Resistance', 'Indestructible Digestion', 'Invulnerability', 'Jump', 'Longevity', 'Natural Armor', 'Natural Weapons', 'Power Augmentation', 'Radiation Absorption', 'Radiation Immunity', 'Rage Power', 'Reactive Power Level', 'Reflexes', 'Regeneration', 'Seismic Power', 'Self-Sustenance', 'Shapeshifting', 'Size Changing', 'Stamina', 'Stealth', 'Super Breath', 'Super Speed', 'Super Strength', 'Telepathy Resistance', 'Toxin and Disease Resistance', 'Transformation', 'Underwater breathing']",Marvel Comics
8,Abomination,Emil Blonsky,Emil Blonsky,22,85,100,80,90,100,95,"['Accelerated Healing', 'Adaptation', 'Agility', 'Animation', 'Berserk Mode', 'Camouflage', 'Cold Resistance', 'Durability', 'Endurance', 'Fire Resistance', 'Gamma Mutant Physiology', 'Heat Resistance', 'Intelligence', 'Invulnerability', 'Jump', 'Marksmanship', 'Mind Control Resistance', 'Radiation Absorption', 'Radiation Control', 'Radiation Immunity', 'Rage Power', 'Regeneration', 'Resurrection', 'Seismic Power', 'Stamina', 'Stealth', 'Super Breath', 'Super Speed', 'Super Strength', 'Underwater breathing']",Marvel Comics
11,Abraxas,Abraxas,Abraxas,∞,100,100,100,100,100,100,"['Dimensional Awareness', 'Dimensional Travel', 'Durability', 'Energy Absorption', 'Energy Beams', 'Energy Blasts', 'Energy Manipulation', 'Flight', 'Immortality', 'Intelligence', 'Invulnerability', 'Magic', 'Matter Absorption', 'Molecular Manipulation', 'Omnipotent', 'Power Cosmic', 'Reality Warping', 'Self-Sustenance', 'Size Changing', 'Stamina', 'Super Speed', 'Super Strength', 'Teleportation']",Marvel Comics
67,Anti-Spawn,The Redeemer,Jason Wynn,20,95,100,55,100,100,100,"['Agility', 'Astral Projection', 'Durability', 'Element Control', 'Energy Blasts', 'Energy Manipulation', 'Fire Control', 'Invulnerability', 'Magic', 'Mind Control', 'Possession', 'Reflexes', 'Stamina', 'Super Speed', 'Super Strength', 'Teleportation']",Image Comics
86,Arkillo,Arkillo,Arkillo,14,90,100,65,70,100,70,"['Agility', 'Durability', 'Energy Beams', 'Energy Constructs', 'Flight', 'Invulnerability', 'Lantern Power Ring', 'Super Speed', 'Super Strength', 'Toxin and Disease Resistance']",DC Comics
97,Asura,Asura,Asura,32,60,100,100,100,100,100,"['Accelerated Healing', 'Acrobatics', 'Agility', 'Berserk Mode', 'Biokinesis', 'Cold Resistance', 'Danger Sense', 'Dexterity', 'Durability', 'Emotional Power Up', 'Endurance', 'Energy Absorption', 'Energy Blasts', 'Enhanced Senses', 'Flight', 'Godly Physiology', 'Heat Resistance', 'Hyperkinesis', 'Immortality', 'Insanity', 'Invulnerability', 'Jump', 'Latent Abilities', 'Longevity', 'Marksmanship', 'Master Martial Artist', 'Physical Anomaly', 'Radiation Immunity', 'Rage Power', 'Reflexes', 'Regeneration', 'Resurrection', 'Seismic Power', 'Self-Sustenance', 'Stamina', 'Statistics Amplification', 'Stealth', 'Super Breath', 'Super Speed', 'Super Strength', 'Toxin and Disease Resistance', 'Transformation', 'Weapon-based Powers', 'Weapons Master']",Capcom
110,Aztar,Aztar,Aztar,222,100,100,100,100,100,80,"['Absorption', 'Cryokinesis', 'Dimensional Awareness', 'Dimensional Travel', 'Duplication', 'Empathy', 'Energy Manipulation', 'Enhanced Senses', 'Flight', 'Illusions', 'Immortality', 'Intangibility', 'Invisibility', 'Invulnerability', 'Magic', 'Mind Control', 'Molecular Manipulation', 'Nigh-Omnipotent', 'Nigh-Omniscient', 'Omnipresent', 'Possession', 'Power Nullifier', 'Precognition', 'Reality Warping', 'Reflexes', 'Regeneration', 'Shapeshifting', 'Size Changing', 'Spatial Awareness', 'Stamina', 'Super Speed', 'Super Strength', 'Telekinesis', 'Telepathy', 'Teleportation', 'Time Manipulation', 'Time Travel']",DC Comics
151,Ben 10,Benjamin Kirby Tennyson,Benjamin Kirby Tennyson,32,90,100,100,100,100,75,"['Agility', 'Cold Resistance', 'Cryokinesis', 'Dexterity', 'Duplication', 'Durability', 'Elasticity', 'Energy Absorption', 'Energy Beams', 'Energy Manipulation', 'Enhanced Hearing', 'Enhanced Smell', 'Fire Control', 'Fire Resistance', 'Flight', 'Heat Resistance', 'Intangibility', 'Intelligence', 'Invulnerability', 'Jump', 'Light Control', 'Omnitrix', 'Plant Control', 'Power Cosmic', 'Reflexes', 'Size Changing', 'Sonic Scream', 'Super Speed', 'Super Strength', 'Technopath/Cyberpath', 'Telekinesis', 'Underwater breathing', 'Wallcrawling', 'Web Creation']",DC Comics
154,Big Barda,Barda Free,Barda Free,16,95,100,80,100,100,100,"['Agility', 'Durability', 'Flight', 'Immortality', 'Invulnerability', 'Longevity', 'Reflexes', 'Stamina', 'Super Strength', 'Toxin and Disease Resistance']",DC Comics
160,Binary,Carol Danvers,Carol Susan Jane Danvers,20,100,100,95,100,100,90,"['Dexterity', 'Durability', 'Energy Absorption', 'Energy Beams', 'Energy Blasts', 'Energy Constructs', 'Energy Manipulation', 'Flight', 'Gravity Control', 'Invulnerability', 'Matter Manipulation', 'Molecular Manipulation', 'Precognition', 'Super Speed', 'Super Strength']",Marvel Comics
169,Bizarro,Bizarro,Bizarro,12,70,95,100,100,100,85,"['Accelerated Healing', 'Agility', 'Cryokinesis', 'Durability', 'Energy Absorption', 'Enhanced Hearing', 'Enhanced Senses', 'Enhanced Sight', 'Flight', 'Hypnokinesis', 'Invulnerability', 'Jump', 'Longevity', 'Marksmanship', 'Self-Sustenance', 'Stamina', 'Super Breath', 'Super Speed', 'Super Strength', 'Vision - Cryo', 'Vision - Microscopic', 'Vision - Telescopic', 'Vision - X-Ray']",DC Comics
171,Black Adam (New 52),Teth-Adam,Teth-Adam,20,90,100,100,90,100,90,"['Accelerated Healing', 'Clairvoyance', 'Cold Resistance', 'Durability', 'Electrokinesis', 'Energy Absorption', 'Energy Beams', 'Energy Blasts', 'Energy Manipulation', 'Energy Resistance', 'Enhanced Hearing', 'Enhanced Memory', 'Enhanced Senses', 'Enhanced Sight', 'Enhanced Smell', 'Enhanced Touch', 'Fire Resistance', 'Heat Resistance', 'Intelligence', 'Invulnerability', 'Longevity', 'Magic', 'Self-Sustenance', 'Stamina', 'Super Speed', 'Super Strength', 'Telekinesis', 'Toxin and Disease Resistance']",DC Comics
173,Black Adam,Teth-Adam,Teth-Adam,35,100,100,100,100,100,90,"['Accelerated Healing', 'Agility', 'Clairvoyance', 'Cold Resistance', 'Durability', 'Electrokinesis', 'Endurance', 'Energy Blasts', 'Energy Resistance', 'Enhanced Hearing', 'Enhanced Senses', 'Fire Resistance', 'Flight', 'Heat Resistance', 'Immortality', 'Intelligence', 'Invulnerability', 'Jump', 'Levitation', 'Longevity', 'Magic', 'Magic Resistance', 'Mind Control Resistance', 'Omnilingualism', 'Reflexes', 'Self-Sustenance', 'Stamina', 'Super Breath', 'Super Speed', 'Super Strength', 'Telepathy Resistance', 'Teleportation', 'Toxin and Disease Resistance', 'Weather Control']",DC Comics
174,Black Alice,Lori Zechlin,Lori Zechlin,∞,95,100,100,85,100,85,"['Ability Shift', 'Absorption', 'Acausality', 'Accelerated Healing', 'Afterimage Creation', 'Agility', 'Animal Attributes', 'Animal Control', 'Animal Oriented Powers', 'Animated Shadow', 'Animation', 'Anti-Gravity', 'Apotheosis', 'Astral Projection', 'Astral Trap', 'Astral Travel', 'Audio Control', 'Banish', 'Chaos Magic', 'Clairvoyance', 'Cloaking', 'Cold Resistance', 'Conceptual Manipulation', 'Cryokinesis', 'Danger Sense', 'Darkforce Manipulation', 'Density Control', 'Dimensional Awareness', 'Dimensional Travel', 'Dream Manipulation', 'Dream Manipulation', 'Electrokinesis', 'Element Control', 'Empathy', 'Endurance', 'Energy Absorption', 'Energy Beams', 'Energy Blasts', 'Energy Constructs', 'Energy Manipulation', 'Enhanced Hearing', 'Enhanced Memory', 'Enhanced Senses', 'Enhanced Sight', 'Enhanced Smell', 'Explosion Manipulation', 'Fear Manipulation', 'Fire Control', 'Fire Resistance', 'Flight', 'Gravity Control', 'Heat Resistance', 'Hypnokinesis', 'Illumination', 'Illusions', 'Immortality', 'Instinctive Reaction', 'Intangibility', 'Intuitive aptitude', 'Invisibility', 'Invulnerability', 'Jump', 'Levitation', 'Light Control', 'Longevity', 'Magic', 'Marksmanship', 'Matter Absorption', 'Matter Manipulation', 'Mind Blast', 'Mind Control', 'Mind Control Resistance', 'Molecular Manipulation', 'Necromancy', 'Omnilingualism', 'Orbing', 'Pain Manipulation', 'Phasing', 'Plant Control', 'Portal Creation', 'Possession', 'Power Absorption', 'Power Mimicry', 'Power Nullifier', 'Precognition', 'Probability Manipulation', 'Projection', 'Psionic Powers', 'Reactive Power Level', 'Reality Warping', 'Reflexes', 'Regeneration', 'Resurrection', 'Seismic Power', 'Shapeshifting', 'Size Changing', 'Sleep Manipulation', 'Smoke Manipulation', 'Sonic Scream', 'Soul Manipulation', 'Spatial Awareness', 'Stealth', 'Summoning', 'Super Speed', 'Super Strength', 'Telekinesis', 'Telepathy', 'Telepathy Resistance', 'Teleportation', 'Terrakinesis', 'Time Manipulation', 'Time Travel', 'Toxin and Disease Resistance', 'Underwater breathing', 'Vision - Heat', 'Vision - Infrared', 'Vision - Microscopic', 'Vision - Night', 'Vision - Telescopic', 'Vision - Thermal', 'Vision - X-Ray', 'Water Control', 'Weapons Master', 'Weather Control', 'Wind Control', 'Wishing']",DC Comics
221,Bor Burison,Bor Burison,Bor Burison,20,75,100,100,100,100,100,"['Absorption', 'Accelerated Healing', 'Agility', 'Cold Resistance', 'Dexterity', 'Dimensional Travel', 'Durability', 'Electrokinesis', 'Element Control', 'Endurance', 'Energy Absorption', 'Energy Beams', 'Energy Blasts', 'Energy Manipulation', 'Enhanced Senses', 'Godly Physiology', 'Heat Resistance', 'Invulnerability', 'Longevity', 'Magic', 'Reflexes', 'Regeneration', 'Self-Sustenance', 'Stamina', 'Super Speed', 'Super Strength', 'Toxin and Disease Resistance', 'Weapons Master']",Marvel Comics
226,Brainiac,Vril Dox,Vril Dox,15,100,95,65,90,65,75,"['Durability', 'Flight', 'Force Fields', 'Intelligence', 'Longevity', 'Omnilingualism', 'Self-Sustenance', 'Super Speed', 'Super Strength', 'Telekinesis', 'Telepathy']",DC Comics
238,Buri,Buri,Buri,19,100,100,90,90,100,100,"['Accelerated Healing', 'Agility', 'Dexterity', 'Durability', 'Element Control', 'Endurance', 'Enhanced Senses', 'Invulnerability', 'Longevity', 'Magic', 'Reflexes', 'Size Changing', 'Stamina', 'Super Speed', 'Super Strength', 'Toxin and Disease Resistance']",Marvel Comics
256,Captain Atom,Nathaniel Adam,Nathaniel Christopher Adam,37,90,95,85,90,100,80,"['Accelerated Healing', 'Agility', 'Energy Absorption', 'Energy Blasts', 'Energy Manipulation', 'Energy Resistance', 'Enhanced Senses', 'Enhanced Sight', 'Flight', 'Force Fields', 'Heat Generation', 'Immortality', 'Invisibility', 'Invulnerability', 'Molecular Manipulation', 'Natural Armor', 'Phasing', 'Radiation Absorption', 'Radiation Control', 'Radiation Immunity', 'Self-Sustenance', 'Super Speed', 'Super Strength', 'Technopath/Cyberpath', 'Time Manipulation', 'Time Travel', 'Weapons Master']",DC Comics
265,Captain Mar-vell,Genis-Vell,Genis-Vell,20,85,95,90,90,100,85,"['Absorption', 'Accelerated Healing', 'Agility', 'Astral Projection', 'Bullet Time', 'Cold Resistance', 'Danger Sense', 'Dexterity', 'Dimensional Awareness', 'Dimensional Travel', 'Durability', 'Endurance', 'Energy Absorption', 'Energy Beams', 'Energy Blasts', 'Energy Manipulation', 'Energy Resistance', 'Enhanced Hearing', 'Enhanced Memory', 'Enhanced Senses', 'Enhanced Sight', 'Enhanced Smell', 'Fire Resistance', 'Force Fields', 'Heat Generation', 'Heat Resistance', 'Intelligence', 'Invulnerability', 'Jump', 'Levitation', 'Longevity', 'Marksmanship', 'Precognition', 'Radiation Absorption', 'Radiation Immunity', 'Reflexes', 'Self-Sustenance', 'Spatial Awareness', 'Stamina', 'Super Speed', 'Super Strength', 'Vaporising Beams', 'Weapons Master']",Marvel Comics
278,Caulifla,Caulifla,Caulifla,16,80,100,100,100,100,100,"['Accelerated Healing', 'Adaptation', 'Agility', 'Danger Sense', 'Duplication', 'Energy Armor', 'Energy Beams', 'Energy Blasts', 'Energy Manipulation', 'Enhanced Hearing', 'Enhanced Senses', 'Flight', 'Force Fields', 'Illusions', 'Invulnerability', 'Jump', 'Levitation', 'Marksmanship', 'Portal Creation', 'Power Augmentation', 'Power Sense', 'Radar Sense', 'Reflexes', 'Shapeshifting', 'Stamina', 'Super Speed', 'Super Strength']",Shueisha
284,Champion Of The Universe,Tryco Slatterus,Tryco Slatterus,22,50,100,75,100,100,100,"['Accelerated Healing', 'Agility', 'Cold Resistance', 'Dexterity', 'Durability', 'Endurance', 'Enhanced Senses', 'Heat Resistance', 'Immortality', 'Invulnerability', 'Jump', 'Marksmanship', 'Master Martial Artist', 'Reflexes', 'Regeneration', 'Resurrection', 'Self-Sustenance', 'Stamina', 'Stealth', 'Super Speed', 'Super Strength', 'Toxin and Disease Resistance']",Marvel Comics
287,Cheetah III,Barbara Minerva,Barbara Ann Minerva,15,95,100,90,80,80,95,"['Agility', 'Animal Attributes', 'Animal Control', 'Animal Oriented Powers', 'Durability', 'Enhanced Hearing', 'Enhanced Senses', 'Enhanced Sight', 'Enhanced Smell', 'Intelligence', 'Jump', 'Reflexes', 'Shapeshifting', 'Stamina', 'Stealth', 'Super Speed', 'Super Strength', 'Vision - Night']",DC Comics
299,Citizen Steel,Nathan Heywood,Nathaniel Heywood,9,75,95,35,100,25,60,"['Agility', 'Durability', 'Jump', 'Natural Armor', 'Reflexes', 'Super Speed', 'Super Strength']",DC Comics
324,Cosmic King Thor,Thor Odinson,Thor Odinson,117,100,100,100,100,100,100,"['Accelerated Healing', 'Acrobatics', 'Agility', 'Anti-Gravity', 'Antimatter Manipulation', 'Attack Reflection', 'Banish', 'Cold Resistance', 'Dexterity', 'Durability', 'Electrokinesis', 'Element Control', 'Endurance', 'Energy Absorption', 'Energy Beams', 'Energy Blasts', 'Energy Manipulation', 'Enhanced Senses', 'Flight', 'Godly Physiology', 'Heat Resistance', 'Homing Attack', 'Immortality', 'Intelligence', 'Invulnerability', 'Longevity', 'Magic', 'Marksmanship', 'Matter Manipulation', 'Mind Control Resistance', 'Odin Force', 'Omnilingualism', 'Portal Creation', 'Power Cosmic', 'Reflexes', 'Regeneration', 'Rune Magic', 'Self-Sustenance', 'Stamina', 'Statistics Amplification', 'Super Speed', 'Super Strength', 'Telepathy', 'Telepathy Resistance', 'Toxin and Disease Resistance', 'Transmutation', 'Void Manipulation', 'Weapon-based Powers', 'Weapons Master', 'Weather Control', 'Wind Control']",Marvel Comics
337,Cyborg Superman,Henry Henshaw,Henry Henshaw,21,90,95,90,100,100,80,"['Durability', 'Energy Absorption', 'Energy Constructs', 'Energy Manipulation', 'Enhanced Hearing', 'Flight', 'Immortality', 'Invulnerability', 'Molecular Manipulation', 'Qwardian Power Ring', 'Stamina', 'Super Speed', 'Super Strength', 'Technopath/Cyberpath', 'Vision - Heat', 'Vision - Microscopic', 'Vision - Night', 'Vision - Telescopic', 'Vision - X-Ray']",DC Comics
357,Dark Phoenix (Venomized),Jean Grey,Jean Elaine Grey-Summers,130,100,100,100,100,100,85,"['Accelerated Healing', 'Agility', 'Astral Projection', 'Astral Travel', 'Camouflage', 'Cloaking', 'Durability', 'Empathy', 'Endurance', 'Energy Absorption', 'Energy Beams', 'Energy Blasts', 'Energy Manipulation', 'Enhanced Senses', 'Fire Control', 'Fire Resistance', 'Flight', 'Force Fields', 'Illusions', 'Immortality', 'Intelligence', 'Invulnerability', 'Levitation', 'Matter Manipulation', 'Memory Manipulation', 'Mind Blast', 'Mind Control', 'Molecular Manipulation', 'Phoenix Force', 'Possession', 'Power Augmentation', 'Power Nullifier', 'Psionic Powers', 'Reality Warping', 'Reflexes', 'Resurrection', 'Stamina', 'Super Speed', 'Super Strength', 'Symbiote Costume', 'Telekinesis', 'Telepathy', 'Telepathy Resistance', 'Teleportation', 'Time Manipulation', 'Weather Control']",Marvel Comics
376,Death Of The Endless,Death,Death Of The Endless,∞,100,100,100,100,100,50,"['Agility', 'Animation', 'Astral Projection', 'Biokinesis', 'Clairvoyance', 'Cold Resistance', 'Darkforce Manipulation', 'Death Touch', 'Dimensional Awareness', 'Dimensional Travel', 'Element Control', 'Energy Manipulation', 'Energy Resistance', 'Enhanced Hearing', 'Enhanced Memory', 'Enhanced Senses', 'Enhanced Sight', 'Enhanced Smell', 'Enhanced Touch', 'Fire Resistance', 'Flight', 'Grim Reaping', 'Heat Resistance', 'Illusions', 'Immortality', 'Intelligence', 'Intuitive aptitude', 'Invulnerability', 'Latent Abilities', 'Magic', 'Magic Resistance', 'Matter Manipulation', 'Mind Control Resistance', 'Molecular Manipulation', 'Nigh-Omnipotent', 'Omnilingualism', 'Omnipresent', 'Omniscient', 'Probability Manipulation', 'Radiation Immunity', 'Reality Warping', 'Reflexes', 'Regeneration', 'Resurrection', 'Self-Sustenance', 'Shapeshifting', 'Size Changing', 'Spatial Awareness', 'Stamina', 'Super Speed', 'Super Strength', 'Telekinesis', 'Telepathy', 'Telepathy Resistance', 'Teleportation', 'Time Manipulation', 'Toxin and Disease Resistance', 'Vitakinesis']",DC Comics
393,Devilman,Akira Fudo,Akira Fudo,229,90,100,100,100,100,90,"['Absorption', 'Acausality', 'Accelerated Healing', 'Acrobatics', 'Adaptation', 'Agility', 'Apathy', 'Astral Projection', 'Audio Control', 'Aura', 'Biokinesis', 'Bone Manipulation', 'Cold Resistance', 'Creation', 'Cryokinesis', 'Danmaku', 'Death Manipulation', 'Density Control', 'Dexterity', 'Dimensional Awareness', 'Dimensional Travel', 'Dream Manipulation', 'Duplication', 'Durability', 'Durability Negation', 'Electrokinesis', 'Element Control', 'Empathy', 'Endurance', 'Energy Blasts', 'Energy Manipulation', 'Enhanced Senses', 'Extrasensory Perception', 'Fear Inducement', 'Fire Control', 'Fire Resistance', 'Flight', 'Force Fields', 'Hair Manipulation', 'Heat Generation', 'Heat Resistance', 'Hellfire Manipulation', 'Immortality', 'Intangibility', 'Intelligence', 'Invisibility', 'Invulnerability', 'Life Manipulation', 'Light Control', 'Marksmanship', 'Matter Manipulation', 'Memory Manipulation', 'Mind Control', 'Mind Control Resistance', 'Molecular Manipulation', 'Non-Corporeal', 'Non-Physical Interaction', 'Portal Creation', 'Possession', 'Power Absorption', 'Power Bestowal', 'Power Nullifier', 'Precognition', 'Projection', 'Radiation Immunity', 'Reactive Evolution', 'Reality Warping', 'Reflexes', 'Regeneration', 'Resurrection', 'Shapeshifting', 'Size Changing', 'Sleep Manipulation', 'Soul Manipulation', 'Stamina', 'Statistics Amplification', 'Stealth', 'Summoning', 'Super Breath', 'Super Speed', 'Super Strength', 'Telekinesis', 'Telepathy', 'Telepathy Resistance', 'Teleportation', 'Terrakinesis', 'The Fourth Wall', 'Time Manipulation', 'Time Travel', 'Toxin and Disease Resistance', 'Transformation', 'Vehicular Mastery', 'Vibration Manipulation', 'Vitakinesis', 'Weapons Master', 'Weather Control', 'Wind Control']",Shueisha
414,Doomsday,Doomsday,Doomsday,20,90,100,65,100,100,90,"['Accelerated Healing', 'Adaptation', 'Agility', 'Cold Resistance', 'Durability', 'Energy Absorption', 'Energy Resistance', 'Heat Resistance', 'Invulnerability', 'Jump', 'Natural Armor', 'Natural Weapons', 'Power Absorption', 'Reflexes', 'Regeneration', 'Resurrection', 'Self-Sustenance', 'Stamina', 'Super Speed', 'Super Strength']",DC Comics
416,Dormammu,Dormammu,Dormammu,142,100,100,100,100,100,80,"['Absorption', 'Astral Projection', 'Audio Control', 'Banish', 'Creation', 'Dimensional Awareness', 'Dimensional Travel', 'Dream Manipulation', 'Empathy', 'Energy Absorption', 'Energy Manipulation', 'Enhanced Senses', 'Fire Control', 'Fire Resistance', 'Flight', 'Force Fields', 'Fusion', 'Gravity Control', 'Heat Resistance', 'Higher Dimensional Manipulation', 'Illusions', 'Immortality', 'Intelligence', 'Invulnerability', 'Magic', 'Master Martial Artist', 'Matter Manipulation', 'Memory Manipulation', 'Mind Control', 'Mind Control Resistance', 'Necromancy', 'Non-Corporeal', 'Non-Physical Interaction', 'Perception Manipulation', 'Portal Creation', 'Possession', 'Power Absorption', 'Power Nullifier', 'Radiation Immunity', 'Reality Warping', 'Reflexes', 'Regeneration', 'Sealing', 'Shapeshifting', 'Size Changing', 'Sleep Manipulation', 'Soul Manipulation', 'Spatial Awareness', 'Spatial Manipulation', 'Stamina', 'Summoning', 'Super Speed', 'Super Strength', 'Telekinesis', 'Telepathy', 'Telepathy Resistance', 'Teleportation', 'Time Manipulation', 'Time Travel', 'Toxin and Disease Resistance', 'Transmutation', 'Void Manipulation', 'Water Control', 'Weapons Master', 'Weather Control']",Marvel Comics
420,Dr Manhattan,Jonathan Osterman,Jonathan Osterman,124,100,100,40,100,100,45,"['Accelerated Healing', 'Density Control', 'Duplication', 'Durability', 'Energy Absorption', 'Energy Blasts', 'Energy Constructs', 'Energy Manipulation', 'Flight', 'Force Fields', 'Immortality', 'Intangibility', 'Intelligence', 'Invulnerability', 'Longevity', 'Matter Absorption', 'Molecular Dissipation', 'Molecular Manipulation', 'Nigh-Omnipotent', 'Nigh-Omniscient', 'Omnilingualism', 'Phasing', 'Precognition', 'Regeneration', 'Self-Sustenance', 'Size Changing', 'Stealth', 'Super Speed', 'Super Strength', 'Telekinesis', 'Teleportation', 'Time Manipulation', 'Time Travel']",DC Comics
421,Dracula,Vlad Tepes Dracula,Vlad Tepes Dracula,211,100,100,100,100,100,75,"['Absorption', 'Accelerated Healing', 'Acrobatics', 'Agility', 'Animal Attributes', 'Animal Control', 'Animal Oriented Powers', 'Anti-Gravity', 'Apathy', 'Astral Projection', 'Attack Reflection', 'Banish', 'Biokinesis', 'Chaos Magic', 'Conceptual Manipulation', 'Creation', 'Cryokinesis', 'Darkforce Manipulation', 'Death Manipulation', 'Dexterity', 'Dream Manipulation', 'Durability', 'Electrokinesis', 'Element Control', 'Endurance', 'Energy Manipulation', 'Enhanced Senses', 'Existence Erasure', 'Fire Control', 'Flight', 'Force Fields', 'Hellfire Manipulation', 'Illusions', 'Immortality', 'Intangibility', 'Intelligence', 'Invisibility', 'Invulnerability', 'Jump', 'Levitation', 'Life Manipulation', 'Longevity', 'Magic', 'Marksmanship', 'Master Tactician', 'Matter Manipulation', 'Mind Control', 'Non-Corporeal', 'Non-Physical Interaction', 'Paralysis', 'Phasing', 'Portal Creation', 'Possession', 'Power Nullifier', 'Psionic Powers', 'Reality Warping', 'Reflexes', 'Regeneration', 'Resurrection', 'Self-Sustenance', 'Shapeshifting', 'Sleep Manipulation', 'Soul Manipulation', 'Spatial Manipulation', 'Stamina', 'Stealth', 'Subjective Reality', 'Summoning', 'Super Speed', 'Super Strength', 'Telekinesis', 'Telepathy', 'Teleportation', 'Terrakinesis', 'Time Manipulation', 'Time Travel', 'Toxin and Disease Control', 'Toxin and Disease Resistance', 'Transformation', 'Umbrakinesis', 'Void Manipulation', 'Water Control', 'Weapons Master', 'Weather Control', 'Wind Control']",Konami
469,Faora,Faora Hu-Ul,Faora Hu-Ul,15,95,95,75,100,100,90,"['Accelerated Healing', 'Durability', 'Energy Absorption', 'Enhanced Hearing', 'Enhanced Senses', 'Flight', 'Hypnokinesis', 'Intelligence', 'Invulnerability', 'Jump', 'Longevity', 'Stamina', 'Super Breath', 'Super Speed', 'Super Strength', 'Vision - Heat', 'Vision - Microscopic', 'Vision - Telescopic', 'Vision - X-Ray']",DC Comics
508,General Kozu,Kozu,General Kozu,33,40,100,25,100,100,90,"['Accelerated Healing', 'Agility', 'Cold Resistance', 'Darkforce Manipulation', 'Dimensional Travel', 'Durability', 'Endurance', 'Energy Resistance', 'Enhanced Hearing', 'Enhanced Memory', 'Enhanced Senses', 'Enhanced Sight', 'Enhanced Smell', 'Enhanced Touch', 'Fire Resistance', 'Heat Resistance', 'Immortality', 'Invulnerability', 'Jump', 'Mind Control', 'Mind Control Resistance', 'Natural Armor', 'Omnilingualism', 'Peak Human Condition', 'Reflexes', 'Regeneration', 'Resurrection', 'Seismic Power', 'Self-Sustenance', 'Stamina', 'Stealth', 'Summoning', 'Super Strength', 'Telepathy', 'Telepathy Resistance', 'Toxin and Disease Resistance', 'Weapon-based Powers', 'Weapons Master']",Lego
510,General Zod,Dru-Zod,Dru-Zod,18,95,100,95,100,100,95,"['Accelerated Healing', 'Durability', 'Energy Absorption', 'Enhanced Hearing', 'Enhanced Senses', 'Flight', 'Hypnokinesis', 'Intelligence', 'Invulnerability', 'Jump', 'Longevity', 'Stamina', 'Super Breath', 'Super Speed', 'Super Strength', 'Vision - Heat', 'Vision - Microscopic', 'Vision - Telescopic', 'Vision - X-Ray']",DC Comics
521,Gladiator,Kallark,Kallark,12,75,100,100,100,75,70,"['Accelerated Healing', 'Agility', 'Enhanced Hearing', 'Enhanced Smell', 'Flight', 'Invulnerability', 'Longevity', 'Reflexes', 'Stamina', 'Super Breath', 'Super Speed', 'Super Strength', 'Telepathy Resistance', 'Vision - Heat', 'Vision - Microscopic']",Marvel Comics
524,Goku,Kakarotto,Kakarotto,30,75,100,100,100,100,100,"['Accelerated Healing', 'Adaptation', 'Afterimage Creation', 'Agility', 'Audio Control', 'Chi Manipulation', 'Cold Resistance', 'Dimensional Travel', 'Durability', 'Energy Absorption', 'Energy Armor', 'Energy Beams', 'Energy Blasts', 'Enhanced Senses', 'Explosion Manipulation', 'Flight', 'Latent Abilities', 'Light Control', 'Longevity', 'Mind Control Resistance', 'Non-Physical Interaction', 'Portal Creation', 'Power Augmentation', 'Power Mimicry', 'Power Nullifier', 'Power Sense', 'Precognition', 'Radar Sense', 'Radiation Immunity', 'Reactive Power Level', 'Reflexes', 'Seismic Power', 'Shapeshifting', 'Stamina', 'Statistics Amplification', 'Summoning', 'Super Speed', 'Super Strength', 'Telepathy', 'Teleportation', 'Toxin and Disease Resistance', 'Weather Control']",Shueisha
527,Golden Ninja,Lloyd Garmadon,LLoyd Montgomery Garmadon,226,100,100,100,100,100,100,"['Acausality', 'Accelerated Healing', 'Age Manipulation', 'Agility', 'Animated Shadow', 'Anti-Gravity', 'Audio Control', 'Bullet Time', 'Clairvoyance', 'Cold Resistance', 'Creation', 'Cryokinesis', 'Darkforce Manipulation', 'Dexterity', 'Dimensional Travel', 'Duplication', 'Durability', 'Durability Negation', 'Electrokinesis', 'Element Control', 'Energy Beams', 'Energy Blasts', 'Energy Manipulation', 'Energy Resistance', 'Existence Erasure', 'Fire Control', 'Fire Resistance', 'Flight', 'Force Fields', 'Gravity Control', 'Heat Resistance', 'Holy Manipulation', 'Intangibility', 'Invisibility', 'Levitation', 'Life Manipulation', 'Light Control', 'Longevity', 'Marksmanship', 'Master Martial Artist', 'Matter Manipulation', 'Metal Manipulation', 'Mind Control', 'Mind Control Resistance', 'Nigh-Omnipotent', 'Non-Physical Interaction', 'Peak Human Condition', 'Plant Control', 'Portal Creation', 'Power Bestowal', 'Power Mimicry', 'Power Nullifier', 'Precognition', 'Pressure Points', 'Reality Warping', 'Reflexes', 'Sealing', 'Shapeshifting', 'Smoke Manipulation', 'Soul Manipulation', 'Spinjitzu', 'Stamina', 'Statistics Amplification', 'Stealth', 'Summoning', 'Super Breath', 'Super Speed', 'Super Strength', 'Technopath/Cyberpath', 'Telekinesis', 'Telepathy', 'Telepathy Resistance', 'Teleportation', 'Terrakinesis', 'Time Manipulation', 'Time Travel', 'Timeframe Control', 'Toxin and Disease Control', 'Toxin and Disease Resistance', 'Transformation', 'Transmutation', 'Water Control', 'Weapons Master', 'Weather Control', 'Wind Control']",Lego
582,Heart Of The Monster Hulk,Bruce Banner,Bruce David Banner,41,85,100,90,100,100,85,"['Ability Shift', 'Accelerated Healing', 'Adaptation', 'Agility', 'Dexterity', 'Dimensional Awareness', 'Dimensional Travel', 'Durability', 'Endurance', 'Energy Absorption', 'Energy Blasts', 'Energy Manipulation', 'Energy Resistance', 'Enhanced Hearing', 'Enhanced Senses', 'Enhanced Sight', 'Fire Resistance', 'Heat Resistance', 'Immortality', 'Intelligence', 'Invulnerability', 'Jump', 'Latent Abilities', 'Longevity', 'Marksmanship', 'Mind Control Resistance', 'Power Augmentation', 'Radiation Absorption', 'Radiation Control', 'Radiation Immunity', 'Reflexes', 'Regeneration', 'Resurrection', 'Seismic Power', 'Self-Sustenance', 'Shapeshifting', 'Size Changing', 'Sonic Scream', 'Spatial Awareness', 'Stamina', 'Super Breath', 'Super Speed', 'Super Strength', 'Telepathy Resistance', 'Toxin and Disease Resistance', 'Underwater breathing', 'Wishing']",Marvel Comics
589,Hellboy (Injustice 2),Anung Un Rama,Anung Un Rama,38,75,100,100,100,100,100,"['Accelerated Healing', 'Acrobatics', 'Adaptation', 'Agility', 'Aura', 'Berserk Mode', 'Cold Resistance', 'Damage Boost', 'Danger Sense', 'Dexterity', 'Durability', 'Electrokinesis', 'Endurance', 'Enhanced Hearing', 'Enhanced Senses', 'Enhanced Sight', 'Enhanced Smell', 'Explosion Manipulation', 'Fire Control', 'Fire Resistance', 'Flight', 'Heat Resistance', 'Hellfire Manipulation', 'Holy Manipulation', 'Immortality', 'Intelligence', 'Invulnerability', 'Jump', 'Longevity', 'Magic', 'Marksmanship', 'Necromancy', 'Omnilingualism', 'Plant Control', 'Portal Creation', 'Reflexes', 'Regeneration', 'Resurrection', 'Smoke Manipulation', 'Stamina', 'Stealth', 'Summoning', 'Super Speed', 'Super Strength', 'Toxin and Disease Control', 'Toxin and Disease Resistance', 'Transformation', 'Water Control', 'Weapon-based Powers', 'Weapons Master']",Dark Horse Comics
614,Hulk Earth-5901,Bruce Banner,Bruce Banner,13,75,100,90,100,100,75,"['Accelerated Healing', 'Adaptation', 'Agility', 'Berserk Mode', 'Cold Resistance', 'Dexterity', 'Durability', 'Endurance', 'Fire Resistance', 'Heat Resistance', 'Invulnerability', 'Jump', 'Latent Abilities', 'Self-Sustenance', 'Stamina', 'Super Strength', 'Toxin and Disease Resistance', 'Transformation', 'Wallcrawling']",Marvel Comics
616,Hulk,Bruce Banner,Robert Bruce Banner,34,60,100,85,100,100,85,"['Accelerated Healing', 'Adaptation', 'Agility', 'Berserk Mode', 'Cold Resistance', 'Dexterity', 'Dimensional Awareness', 'Dimensional Travel', 'Durability', 'Endurance', 'Energy Absorption', 'Energy Resistance', 'Fire Resistance', 'Heat Resistance', 'Immortality', 'Instinctive Reaction', 'Invulnerability', 'Jump', 'Latent Abilities', 'Longevity', 'Mind Control Resistance', 'Power Augmentation', 'Radiation Absorption', 'Radiation Control', 'Radiation Immunity', 'Reactive Evolution', 'Reactive Power Level', 'Reflexes', 'Regeneration', 'Resurrection', 'Seismic Power', 'Self-Sustenance', 'Size Changing', 'Stamina', 'Statistics Amplification', 'Super Breath', 'Super Speed', 'Super Strength', 'Telepathy Resistance', 'Toxin and Disease Resistance', 'Underwater breathing', 'Wallcrawling']",Marvel Comics
629,Icon,Arnus,Augustus Freeman,21,95,100,100,100,100,90,"['Accelerated Healing', 'Agility', 'Durability', 'Electrokinesis', 'Energy Armor', 'Energy Blasts', 'Energy Constructs', 'Energy Manipulation', 'Enhanced Hearing', 'Enhanced Memory', 'Enhanced Senses', 'Enhanced Sight', 'Enhanced Smell', 'Flight', 'Force Fields', 'Intelligence', 'Invulnerability', 'Longevity', 'Magnetism', 'Marksmanship', 'Power Suit', 'Reflexes', 'Stamina', 'Stealth', 'Super Speed', 'Super Strength']",DC Comics
630,Immortal Hulk,Bruce Banner,Robert Bruce Banner,46,90,100,90,100,100,85,"['Absorption', 'Accelerated Healing', 'Adaptation', 'Agility', 'Cold Resistance', 'Dexterity', 'Dimensional Awareness', 'Dimensional Travel', 'Durability', 'Endurance', 'Energy Absorption', 'Energy Manipulation', 'Energy Resistance', 'Enhanced Hearing', 'Enhanced Senses', 'Enhanced Sight', 'Fire Resistance', 'Gamma Mutant Physiology', 'Heat Resistance', 'Immortality', 'Intelligence', 'Invulnerability', 'Jump', 'Latent Abilities', 'Longevity', 'Mind Control Resistance', 'Power Augmentation', 'Radiation Absorption', 'Radiation Control', 'Radiation Immunity', 'Rage Power', 'Reactive Power Level', 'Reflexes', 'Regeneration', 'Resurrection', 'Seismic Power', 'Self-Sustenance', 'Shapeshifting', 'Size Changing', 'Stamina', 'Sub-Mariner', 'Super Breath', 'Super Speed', 'Super Strength', 'Telepathy Resistance', 'Toxin and Disease Resistance', 'Transformation', 'Underwater breathing']",Marvel Comics
637,Infernal Hulk,Bruce Banner,Robert Bruce Banner,25,75,100,100,100,100,75,"['Accelerated Healing', 'Adaptation', 'Agility', 'Cold Resistance', 'Durability', 'Endurance', 'Energy Resistance', 'Enhanced Senses', 'Fire Resistance', 'Heat Resistance', 'Immortality', 'Insanity', 'Intelligence', 'Invulnerability', 'Jump', 'Longevity', 'Marksmanship', 'Mind Control Resistance', 'Radiation Absorption', 'Radiation Control', 'Radiation Immunity', 'Reflexes', 'Regeneration', 'Self-Sustenance', 'Stamina', 'Stealth', 'Super Breath', 'Super Speed', 'Super Strength', 'Telepathy Resistance', 'Toxin and Disease Resistance', 'Underwater breathing']",Marvel Comics
641,Invincible,Markus Sebastian Grayson,Markus Sebastian Grayson,15,85,100,100,95,100,80,"['Accelerated Healing', 'Agility', 'Cold Resistance', 'Durability', 'Endurance', 'Enhanced Memory', 'Flight', 'Invulnerability', 'Jump', 'Longevity', 'Marksmanship', 'Reflexes', 'Self-Sustenance', 'Stamina', 'Stealth', 'Super Breath', 'Super Speed', 'Super Strength']",Image Comics
644,Iron Destroyer,Tony Stark,Anthony Edward Stark,28,100,100,85,100,100,85,"['Accelerated Healing', 'Adaptation', 'Agility', 'Cloaking', 'Cold Resistance', 'Dexterity', 'Dimensional Awareness', 'Durability', 'Elemental Transmogrification', 'Endurance', 'Energy Absorption', 'Energy Beams', 'Energy Blasts', 'Energy Manipulation', 'Energy Resistance', 'Fire Resistance', 'Heat Resistance', 'Intelligence', 'Invulnerability', 'Jump', 'Longevity', 'Magic', 'Magic Resistance', 'Mind Control Resistance', 'Natural Armor', 'Natural Weapons', 'Power Absorption', 'Power Augmentation', 'Reflexes', 'Sealing', 'Separation', 'Stamina', 'Stealth', 'Super Speed', 'Super Strength', 'Telepathy Resistance', 'Toxin and Disease Resistance', 'Underwater breathing', 'Weapons Master']",Marvel Comics
656,Itachi Uchiha,Uchiha Itachi,Uchiha Itachi,25,90,100,80,75,100,100,"['Acrobatics', 'Agility', 'Animal Control', 'Chi Manipulation', 'Duplication', 'Durability', 'Energy Armor', 'Energy Constructs', 'Enhanced Sight', 'Explosion Manipulation', 'Extrasensory Perception', 'Fear Manipulation', 'Fire Control', 'Force Fields', 'Illusions', 'Information Analysis', 'Intelligence', 'Master Martial Artist', 'Mind Control', 'Mind Control Resistance', 'Ninjutsu', 'Non-Physical Interaction', 'Pain Manipulation', 'Paralysis', 'Perception Manipulation', 'Power Bestowal', 'Power Mimicry', 'Precognition', 'Reactive Evolution', 'Reflexes', 'Sealing', 'Shapeshifting', 'Sleep Manipulation', 'Stamina', 'Statistics Amplification', 'Stealth', 'Summoning', 'Super Breath', 'Super Speed', 'Super Strength', 'Telepathy', 'Time Manipulation', 'Vision - X-Ray', 'Wallcrawling', 'Water Control', 'Weapon Creation', 'Weapons Master']",Shueisha
690,John Constantine (Power Of Shazam),John Constantine,John Constantine,82,100,100,100,100,100,75,"['Accelerated Healing', 'Acrobatics', 'Agility', 'Astral Projection', 'Attack Reflection', 'Banish', 'Blessed', 'Clairvoyance', 'Cold Resistance', 'Dexterity', 'Dimensional Travel', 'Durability', 'Electrokinesis', 'Endurance', 'Energy Constructs', 'Energy Manipulation', 'Energy Resistance', 'Enhanced Memory', 'Enhanced Senses', 'Extrasensory Perception', 'Fire Control', 'Force Fields', 'Illusions', 'Immortality', 'Indomitable Will', 'Information Analysis', 'Intelligence', 'Invisibility', 'Invulnerability', 'Jump', 'Longevity', 'Magic', 'Magic Resistance', 'Marksmanship', 'Memory Manipulation', 'Mind Control', 'Necromancy', 'Omnilingualism', 'Peak Human Condition', 'Plant Control', 'Portal Creation', 'Power Nullifier', 'Precognition', 'Probability Manipulation', 'Purification', 'Reflexes', 'Regeneration', 'Sealing', 'Self-Sustenance', 'Sleep Manipulation', 'Soul Manipulation', 'Stamina', 'Stealth', 'Summoning', 'Super Speed', 'Super Strength', 'Telekinesis', 'Telepathy', 'Telepathy Resistance', 'Teleportation', 'Toxin and Disease Resistance', 'Transformation', 'Unholy Manipulation', 'Weapons Master']",DC Comics
704,Juggernaut,Cain Marko,Cain Marko,28,70,100,65,100,100,75,"['Absorption', 'Accelerated Healing', 'Agility', 'Attack Reflection', 'Berserk Mode', 'Cold Resistance', 'Durability', 'Endurance', 'Energy Absorption', 'Energy Resistance', 'Fire Resistance', 'Force Fields', 'Godly Physiology', 'Heat Resistance', 'Immortality', 'Insanity', 'Intelligence', 'Invulnerability', 'Magic', 'Magic Resistance', 'Mind Control Resistance', 'Power Augmentation', 'Radiation Immunity', 'Rage Power', 'Reflexes', 'Regeneration', 'Self-Sustenance', 'Stamina', 'Super Speed', 'Super Strength', 'Telepathy Resistance', 'Toxin and Disease Resistance', 'Underwater breathing']",Marvel Comics
710,Kabuto Yakushi,Yakushi Kabuto,Yakushi Kabuto,15,85,100,85,80,100,100,"['Absorption', 'Acrobatics', 'Afterimage Creation', 'Agility', 'Animal Attributes', 'Animal Control', 'Animal Oriented Powers', 'Biokinesis', 'Chi Manipulation', 'Durability', 'Durability Negation', 'Energy Absorption', 'Enhanced Senses', 'Extrasensory Perception', 'Force Fields', 'Illusions', 'Intelligence', 'Life Manipulation', 'Light Control', 'Mind Control', 'Necromancy', 'Ninjutsu', 'Reflexes', 'Regeneration', 'Shapeshifting', 'Sleep Manipulation', 'Stamina', 'Statistics Amplification', 'Stealth', 'Summoning', 'Super Speed', 'Super Strength', 'Terrakinesis', 'Toxin and Disease Control', 'Vitakinesis', 'Wallcrawling', 'Water Control', 'Wind Control']",Shueisha
712,Kaguya Ōtsutsuki,Ōtsutsuki Kaguya,Ōtsutsuki Kaguya,37,55,100,100,100,100,90,"['Absorption', 'Agility', 'Bone Manipulation', 'Chi Manipulation', 'Dimensional Travel', 'Durability Negation', 'Element Control', 'Enhanced Sight', 'Extrasensory Perception', 'Flight', 'Hair Manipulation', 'Illusions', 'Immortality', 'Invulnerability', 'Master Martial Artist', 'Mind Control', 'Ninjutsu', 'Paralysis', 'Portal Creation', 'Power Nullifier', 'Precognition', 'Reflexes', 'Regeneration', 'Self-Sustenance', 'Spatial Manipulation', 'Stamina', 'Statistics Amplification', 'Super Speed', 'Super Strength', 'Teleportation', 'Time Manipulation', 'Vision - X-Ray']",Shueisha
715,Kale,Kale,Kale,17,85,100,100,100,100,100,"['Accelerated Healing', 'Adaptation', 'Agility', 'Danger Sense', 'Duplication', 'Energy Armor', 'Energy Beams', 'Energy Blasts', 'Energy Manipulation', 'Enhanced Hearing', 'Enhanced Senses', 'Force Fields', 'Illusions', 'Invulnerability', 'Jump', 'Latent Abilities', 'Levitation', 'Marksmanship', 'Portal Creation', 'Power Augmentation', 'Power Sense', 'Radar Sense', 'Reflexes', 'Shapeshifting', 'Stamina', 'Super Speed', 'Super Strength']",Shueisha
727,Kefla,Kale/Caulifla,Kale/Caulifla,17,85,100,100,100,100,100,"['Accelerated Healing', 'Adaptation', 'Agility', 'Danger Sense', 'Duplication', 'Energy Armor', 'Energy Beams', 'Energy Blasts', 'Energy Manipulation', 'Enhanced Hearing', 'Enhanced Senses', 'Force Fields', 'Illusions', 'Invulnerability', 'Jump', 'Latent Abilities', 'Levitation', 'Marksmanship', 'Portal Creation', 'Power Augmentation', 'Power Sense', 'Radar Sense', 'Reflexes', 'Shapeshifting', 'Stamina', 'Super Speed', 'Super Strength']",Shueisha
787,Legion,David Haller,David Charles Haller,40,75,100,40,30,100,75,"['Accelerated Healing', 'Adaptation', 'Agility', 'Animal Oriented Powers', 'Astral Projection', 'Duplication', 'Fire Control', 'Flight', 'Force Fields', 'Levitation', 'Mind Blast', 'Molecular Manipulation', 'Power Absorption', 'Power Nullifier', 'Psionic Powers', 'Reality Warping', 'Shapeshifting', 'Stamina', 'Stealth', 'Super Speed', 'Super Strength', 'Telekinesis', 'Telepathy', 'Teleportation', 'Time Manipulation', 'Time Travel']",Marvel Comics
834,Madara Uchiha,Uchiha Madara,Uchiha Madara,66,90,100,100,100,100,100,"['Acrobatics', 'Agility', 'Attack Reflection', 'Biokinesis', 'Chi Manipulation', 'Duplication', 'Durability', 'Element Control', 'Energy Absorption', 'Energy Armor', 'Energy Constructs', 'Energy Manipulation', 'Enhanced Senses', 'Enhanced Sight', 'Extrasensory Perception', 'Fire Control', 'Fire Resistance', 'Flight', 'Force Fields', 'Gravity Control', 'Illusions', 'Immortality', 'Information Analysis', 'Light Control', 'Master Martial Artist', 'Mind Control', 'Mind Control Resistance', 'Necromancy', 'Non-Physical Interaction', 'Paralysis', 'Perception Manipulation', 'Plant Control', 'Power Mimicry', 'Power Nullifier', 'Precognition', 'Reality Warping', 'Reflexes', 'Regeneration', 'Resurrection', 'Sealing', 'Self-Sustenance', 'Shapeshifting', 'Sleep Manipulation', 'Soul Manipulation', 'Stamina', 'Statistics Amplification', 'Stealth', 'Subjective Reality', 'Summoning', 'Super Breath', 'Super Speed', 'Super Strength', 'Technopath/Cyberpath', 'Telekinesis', 'Telepathy', 'Toxin and Disease Resistance', 'Vitakinesis', 'Wallcrawling', 'Weapon Creation', 'Weapons Master']",Shueisha
845,Man Of Miracles,Mother Of Existence,Mother Of Existence,∞,100,100,100,100,100,100,"['Absorption', 'Agility', 'Animal Control', 'Causality Manipulation', 'Clairvoyance', 'Corruption', 'Creation', 'Death Manipulation', 'Element Control', 'Energy Manipulation', 'Existence Erasure', 'Fate Manipulation', 'Fire Control', 'Flight', 'Holy Manipulation', 'Illusions', 'Immortality', 'Intangibility', 'Invisibility', 'Invulnerability', 'Life Manipulation', 'Light Control', 'Magic', 'Matter Manipulation', 'Mind Control', 'Nigh-Omnipotent', 'Nigh-Omniscient', 'Omnipresent', 'Plant Control', 'Power Nullifier', 'Precognition', 'Psychometry', 'Reality Warping', 'Reflexes', 'Regeneration', 'Resurrection', 'Shapeshifting', 'Size Changing', 'Soul Manipulation', 'Spatial Manipulation', 'Stamina', 'Summoning', 'Super Speed', 'Super Strength', 'Technopath/Cyberpath', 'Telekinesis', 'Telepathy', 'Terrakinesis', 'Time Manipulation', 'Time Travel', 'Transmutation', 'Vitakinesis', 'Void Manipulation', 'Weather Control']",Image Comics
852,Mario,Mario Mario,Mario Mario,62,75,100,100,100,100,55,"['Acausality', 'Accelerated Healing', 'Acrobatics', 'Adaptation', 'Afterimage Creation', 'Agility', 'Anti-Gravity', 'Cold Resistance', 'Cryokinesis', 'Dexterity', 'Dimensional Awareness', 'Dimensional Travel', 'Durability', 'Empathy', 'Endurance', 'Energy Manipulation', 'Enhanced Senses', 'Fire Control', 'Heat Resistance', 'Indomitable Will', 'Intangibility', 'Intelligence', 'Invulnerability', 'Jump', 'Longevity', 'Marksmanship', 'Mind Control', 'Mind Control Resistance', 'Non-Physical Interaction', 'Possession', 'Power Nullifier', 'Projection', 'Radiation Immunity', 'Reflexes', 'Regeneration', 'Self-Sustenance', 'Size Changing', 'Sleep Manipulation', 'Spatial Manipulation', 'Stamina', 'Statistics Amplification', 'Statistics Reduction', 'Status Effect Inducement', 'Stealth', 'Summoning', 'Super Breath', 'Super Speed', 'Super Strength', 'Telekinesis', 'Telepathy', 'The Fourth Wall', 'Time Manipulation', 'Time Travel', 'Toxin and Disease Resistance', 'Transmutation', 'Underwater breathing', 'Vehicular Mastery', 'Water Control', 'Weapon-based Powers', 'Weapons Master', 'Weather Control', 'Wind Control']",Nintendo
854,Martian Manhunter,J'onn J'onzz,J'onn J'onzz,26,100,95,90,100,100,85,"['Agility', 'Astral Projection', 'Durability', 'Enhanced Hearing', 'Enhanced Senses', 'Flight', 'Illusions', 'Intangibility', 'Intelligence', 'Invisibility', 'Invulnerability', 'Marksmanship', 'Mind Control', 'Phasing', 'Reflexes', 'Regeneration', 'Self-Sustenance', 'Shapeshifting', 'Size Changing', 'Stamina', 'Stealth', 'Super Breath', 'Super Speed', 'Super Strength', 'Telekinesis', 'Telepathy', 'Telepathy Resistance', 'Toxin and Disease Resistance', 'Vision - Heat', 'Vision - Infrared', 'Vision - Microscopic', 'Vision - Night', 'Vision - Telescopic', 'Vision - Thermal', 'Vision - X-Ray']",DC Comics
860,Master Hand,Master Hand,Master Hand,31,75,100,100,100,100,75,"['Agility', 'Creation', 'Cryokinesis', 'Darkforce Manipulation', 'Dexterity', 'Duplication', 'Durability', 'Elasticity', 'Electrokinesis', 'Element Control', 'Endurance', 'Energy Manipulation', 'Fire Control', 'Flight', 'Gravity Control', 'Intangibility', 'Intelligence', 'Invulnerability', 'Longevity', 'Portal Creation', 'Power Mimicry', 'Reality Warping', 'Reflexes', 'Sealing', 'Self-Sustenance', 'Shapeshifting', 'Sleep Manipulation', 'Spatial Manipulation', 'Stamina', 'Status Effect Inducement', 'Super Speed', 'Super Strength', 'Teleportation', 'Time Manipulation', 'Toxin and Disease Control', 'Transformation', 'Umbrakinesis']",Nintendo
861,Match,Kent Connor,Kent Connor,14,90,95,85,85,100,70,"['Accelerated Healing', 'Durability', 'Energy Absorption', 'Energy Blasts', 'Enhanced Hearing', 'Flight', 'Invulnerability', 'Jump', 'Super Breath', 'Super Speed', 'Super Strength', 'Telekinesis', 'Vision - Heat', 'Vision - Telescopic', 'Vision - X-Ray']",DC Comics
882,Michael Demiurgos,Michael Demiurgos,Michael Demiurgos,∞,100,100,100,100,100,100,"['Acausality', 'Accelerated Healing', 'Agility', 'Animation', 'Anti-Gravity', 'Astral Projection', 'Audio Control', 'Banish', 'Causality Manipulation', 'Cold Resistance', 'Conceptual Manipulation', 'Creation', 'Darkforce Manipulation', 'Death Manipulation', 'Dexterity', 'Dimensional Awareness', 'Dimensional Travel', 'Durability', 'Element Control', 'Endurance', 'Energy Blasts', 'Energy Manipulation', 'Enhanced Hearing', 'Enhanced Memory', 'Enhanced Senses', 'Enhanced Sight', 'Enhanced Smell', 'Enhanced Touch', 'Existence Erasure', 'Flight', 'Gliding', 'Gravity Control', 'Heat Generation', 'Heat Resistance', 'Higher Dimensional Manipulation', 'Illusions', 'Immortality', 'Intelligence', 'Invulnerability', 'Law Manipulation', 'Levitation', 'Life Manipulation', 'Light Control', 'Magic', 'Magic Resistance', 'Matter Manipulation', 'Memory Manipulation', 'Molecular Manipulation', 'Nigh-Omnipotent', 'Nigh-Omniscient', 'Omnilingualism', 'Omnipresent', 'Phasing', 'Physics Manipulation', 'Reality Warping', 'Reflexes', 'Regeneration', 'Self-Sustenance', 'Size Changing', 'Soul Manipulation', 'Spatial Manipulation', 'Stamina', 'Super Speed', 'Super Strength', 'Teleportation', 'Time Manipulation', 'Timeframe Control', 'Toxin and Disease Resistance', 'Void Manipulation', 'Weapons Master', 'Willpower Manipulation']",DC Comics
899,Mister Mxyzptlk,Mr. Mxyzptlk,Mr. Mxyzptlk,58,100,100,100,100,100,50,"['Accelerated Healing', 'Agility', 'Animation', 'Astral Projection', 'Cryokinesis', 'Density Control', 'Dimensional Awareness', 'Dimensional Travel', 'Duplication', 'Elasticity', 'Energy Blasts', 'Energy Constructs', 'Fire Control', 'Flight', 'Force Fields', 'Gravity Control', 'Immortality', 'Intelligence', 'Invulnerability', 'Levitation', 'Longevity', 'Magic', 'Molecular Manipulation', 'Phasing', 'Reality Warping', 'Shapeshifting', 'Telekinesis', 'Teleportation', 'Time Manipulation', 'Time Travel', 'Weather Control']",DC Comics
907,Mogo,Mogo,Mogo,37,100,100,75,100,100,65,"['Accelerated Healing', 'Adaptation', 'Energy Armor', 'Energy Beams', 'Energy Blasts', 'Energy Constructs', 'Flight', 'Force Fields', 'Gravity Control', 'Immortality', 'Intelligence', 'Lantern Power Ring', 'Longevity', 'Marksmanship', 'Omnilingualism', 'Phasing', 'Plant Control', 'Radar Sense', 'Stamina', 'Super Speed', 'Super Strength', 'Telepathy', 'Teleportation', 'Terrakinesis', 'Water Control', 'Weather Control']",DC Comics
912,Monarch,Nathaniel Christopher Adam,Nathaniel Christopher Adam,54,95,100,95,100,100,100,"['Agility', 'Astral Projection', 'Camouflage', 'Dimensional Awareness', 'Dimensional Travel', 'Energy Beams', 'Energy Blasts', 'Energy Constructs', 'Flight', 'Force Fields', 'Immortality', 'Intangibility', 'Intelligence', 'Invulnerability', 'Marksmanship', 'Matter Absorption', 'Matter Manipulation', 'Mind Control', 'Molecular Combustion', 'Molecular Dissipation', 'Molecular Immobilization', 'Resurrection', 'Self-Sustenance', 'Super Speed', 'Super Strength', 'Technopath/Cyberpath', 'Telekinesis', 'Time Manipulation', 'Time Travel']",DC Comics
936,Namor,Namor McKenzie,Namor McKenzie,11,85,95,60,70,75,85,"['Accelerated Healing', 'Agility', 'Animal Control', 'Cold Resistance', 'Durability', 'Enhanced Senses', 'Flight', 'Intelligence', 'Longevity', 'Radiation Absorption', 'Reflexes', 'Stamina', 'Sub-Mariner', 'Super Speed', 'Super Strength', 'Telepathy', 'Underwater breathing']",Marvel Comics
939,Naruto Uzumaki,Uzumaki Naruto,Uzumaki Naruto,27,70,100,100,100,100,100,"['Absorption', 'Accelerated Development', 'Acrobatics', 'Agility', 'Animal Attributes', 'Animal Oriented Powers', 'Aura', 'Chi Manipulation', 'Clairvoyance', 'Cold Resistance', 'Danmaku', 'Duplication', 'Durability', 'Durability Negation', 'Elasticity', 'Element Control', 'Empathy', 'Energy Absorption', 'Energy Armor', 'Energy Constructs', 'Energy Manipulation', 'Enhanced Senses', 'Extrasensory Perception', 'Force Fields', 'Homing Attack', 'Indomitable Will', 'Longevity', 'Magnetism', 'Master Martial Artist', 'Mind Control Resistance', 'Ninjutsu', 'Non-Physical Interaction', 'Plant Control', 'Power Modification', 'Power Nullifier', 'Radiation Immunity', 'Reflexes', 'Regeneration', 'Sealing', 'Self-Sustenance', 'Shapeshifting', 'Stamina', 'Statistics Amplification', 'Stealth', 'Summoning', 'Super Speed', 'Super Strength', 'Telepathy', 'Transformation', 'Vibration Manipulation', 'Vitakinesis', 'Wallcrawling', 'Weapons Master']",Shueisha
945,Nekron,Nekron,Nekron,80,90,100,75,95,100,100,"['Darkforce Manipulation', 'Death Touch', 'Energy Blasts', 'Energy Manipulation', 'Fire Control', 'Immortality', 'Invisibility', 'Invulnerability', 'Lantern Power Ring', 'Longevity', 'Magic', 'Power Absorption', 'Power Nullifier', 'Reality Warping', 'Resurrection', 'Size Changing', 'Stamina', 'Sub-Mariner', 'Super Strength', 'Telepathy', 'Umbrakinesis', 'Vision - Night']",DC Comics
972,Obito Uchiha,Uchiha Obito,Uchiha Obito,65,85,100,90,100,100,100,"['Agility', 'Biokinesis', 'Chi Manipulation', 'Dimensional Travel', 'Duplication', 'Electrokinesis', 'Energy Absorption', 'Enhanced Sight', 'Extrasensory Perception', 'Fire Control', 'Force Fields', 'Gravity Control', 'Illusions', 'Information Analysis', 'Intangibility', 'Invulnerability', 'Longevity', 'Master Martial Artist', 'Mind Control', 'Mind Control Resistance', 'Paralysis', 'Perception Manipulation', 'Plant Control', 'Power Bestowal', 'Power Mimicry', 'Power Nullifier', 'Precognition', 'Reality Warping', 'Reflexes', 'Regeneration', 'Resurrection', 'Sealing', 'Self-Sustenance', 'Shapeshifting', 'Soul Manipulation', 'Spatial Manipulation', 'Stamina', 'Statistics Amplification', 'Stealth', 'Summoning', 'Super Breath', 'Super Speed', 'Super Strength', 'Technopath/Cyberpath', 'Telekinesis', 'Telepathy', 'Teleportation', 'Terrakinesis', 'Time Manipulation', 'Vitakinesis', 'Wallcrawling', 'Water Control', 'Weapons Master', 'Wind Control']",Shueisha
976,Old King Thor,Thor Odinson,Thor Odinson,100,100,100,100,100,100,100,"['Absorption', 'Accelerated Healing', 'Agility', 'Anti-Gravity', 'Cold Resistance', 'Danger Sense', 'Dexterity', 'Dimensional Awareness', 'Dimensional Travel', 'Durability', 'Electrokinesis', 'Element Control', 'Endurance', 'Energy Absorption', 'Energy Beams', 'Energy Blasts', 'Energy Manipulation', 'Enhanced Hearing', 'Enhanced Memory', 'Enhanced Senses', 'Enhanced Sight', 'Flight', 'Heat Resistance', 'Immortality', 'Intelligence', 'Invulnerability', 'Levitation', 'Life Manipulation', 'Longevity', 'Magic', 'Marksmanship', 'Matter Absorption', 'Matter Manipulation', 'Mind Control Resistance', 'Odin Force', 'Omni-Sense', 'Omnilingualism', 'Reflexes', 'Regeneration', 'Self-Sustenance', 'Stamina', 'Summoning', 'Super Breath', 'Super Speed', 'Super Strength', 'Telepathy Resistance', 'Teleportation', 'Toxin and Disease Resistance', 'Underwater breathing', 'Weapon Creation', 'Weapon-based Powers', 'Weapons Master', 'Weather Control', 'Wind Control']",Marvel Comics
978,Omac,O.M.A.C. Prime,O.M.A.C. Prime,19,100,100,85,90,100,100,"['Adaptation', 'Biokinesis', 'Cryokinesis', 'Durability', 'Element Control', 'Energy Blasts', 'Energy Manipulation', 'Energy Resistance', 'Fire Control', 'Flight', 'Intelligence', 'Invulnerability', 'Jump', 'Power Mimicry', 'Regeneration', 'Super Speed', 'Super Strength']",DC Comics
980,Omega,The Omega,Omega,108,80,100,80,85,100,90,"['Absorption', 'Accelerated Healing', 'Agility', 'Clairvoyance', 'Cloaking', 'Cold Resistance', 'Danger Sense', 'Darkforce Manipulation', 'Dexterity', 'Durability', 'Element Control', 'Endurance', 'Energy Blasts', 'Energy Manipulation', 'Energy Resistance', 'Enhanced Hearing', 'Enhanced Senses', 'Enhanced Sight', 'Fire Resistance', 'Heat Resistance', 'Immortality', 'Insanity', 'Intelligence', 'Invulnerability', 'Longevity', 'Mind Control Resistance', 'Nigh-Omnipotent', 'Peak Human Condition', 'Portal Creation', 'Reflexes', 'Regeneration', 'Resurrection', 'Self-Sustenance', 'Shapeshifting', 'Size Changing', 'Stamina', 'Summoning', 'Super Strength', 'Telepathy', 'Telepathy Resistance', 'Teleportation', 'Toxin and Disease Resistance', 'Weapon-based Powers', 'Weapons Master']",Marvel Comics
981,Omni-Man,Nolan Grayson,Nolan Grayson,26,90,100,100,100,100,90,"['Accelerated Healing', 'Agility', 'Cold Resistance', 'Durability', 'Endurance', 'Enhanced Hearing', 'Enhanced Senses', 'Enhanced Sight', 'Enhanced Smell', 'Enhanced Touch', 'Flight', 'Heat Resistance', 'Immortality', 'Intelligence', 'Invulnerability', 'Jump', 'Longevity', 'Marksmanship', 'Reactive Evolution', 'Reflexes', 'Regeneration', 'Self-Sustenance', 'Stamina', 'Stealth', 'Super Breath', 'Super Speed', 'Super Strength', 'Toxin and Disease Resistance', 'Weapons Master']",Image Comics
983,One-Above-All,The One-Above-All,The One-Above-All,125,100,100,100,100,100,100,"['Astral Projection', 'Conceptual Manipulation', 'Creation', 'Death Manipulation', 'Dimensional Awareness', 'Dimensional Travel', 'Durability', 'Energy Manipulation', 'Illusions', 'Immortality', 'Invulnerability', 'Law Manipulation', 'Levitation', 'Life Manipulation', 'Matter Manipulation', 'Molecular Manipulation', 'Nigh-Omnipotent', 'Nigh-Omniscient', 'Non-Corporeal', 'Omnilingualism', 'Omnipresent', 'Physics Manipulation', 'Probability Manipulation', 'Reality Warping', 'Resurrection', 'Self-Sustenance', 'Shapeshifting', 'Spatial Manipulation', 'Stamina', 'Super Speed', 'Super Strength', 'Time Manipulation', 'Transduality', 'Void Manipulation']",Marvel Comics
985,Onslaught,Onslaught,Onslaught,82,95,100,85,100,100,75,"['Absorption', 'Accelerated Healing', 'Agility', 'Anti-Gravity', 'Astral Projection', 'Astral Travel', 'Camouflage', 'Changing Armor', 'Dimensional Awareness', 'Dimensional Travel', 'Durability', 'Endurance', 'Energy Absorption', 'Energy Armor', 'Energy Beams', 'Energy Blasts', 'Energy Manipulation', 'Energy Resistance', 'Enhanced Hearing', 'Enhanced Memory', 'Enhanced Senses', 'Enhanced Sight', 'Enhanced Smell', 'Fire Resistance', 'Flight', 'Force Fields', 'Heat Generation', 'Heat Resistance', 'Illusions', 'Intangibility', 'Intelligence', 'Interstellar Travel', 'Interstellar Travel', 'Invulnerability', 'Jump', 'Levitation', 'Longevity', 'Magic Resistance', 'Magnetism', 'Matter Absorption', 'Matter Manipulation', 'Mind Blast', 'Mind Control', 'Mind Control Resistance', 'Molecular Combustion', 'Molecular Dissipation', 'Molecular Immobilization', 'Molecular Manipulation', 'Natural Weapons', 'Portal Creation', 'Power Absorption', 'Power Augmentation', 'Power Suit', 'Psionic Powers', 'Radiation Immunity', 'Reactive Evolution', 'Reality Warping', 'Resurrection', 'Seismic Power', 'Self-Destruction', 'Self-Sustenance', 'Shapeshifting', 'Size Changing', 'Stamina', 'Super Speed', 'Super Strength', 'Telekinesis', 'Telepathy', 'Telepathy Resistance', 'Toxin and Disease Resistance', 'Transformation', 'Vaporising Beams', 'Vision - X-Ray']",Marvel Comics
1020,Power Girl,Kara Zor-L,Kara Zor-L,18,95,100,100,100,100,75,"['Accelerated Healing', 'Agility', 'Durability', 'Energy Absorption', 'Enhanced Hearing', 'Enhanced Memory', 'Enhanced Senses', 'Flight', 'Intelligence', 'Invulnerability', 'Jump', 'Reflexes', 'Stamina', 'Super Breath', 'Super Speed', 'Super Strength', 'Toxin and Disease Resistance', 'Vision - Heat', 'Vision - Infrared', 'Vision - Microscopic', 'Vision - Night', 'Vision - Telescopic', 'Vision - Thermal', 'Vision - X-Ray']",DC Comics
1053,Ragnarok,Ragnarok,/,27,100,100,100,100,100,100,"['Accelerated Healing', 'Cold Resistance', 'Durability', 'Electrokinesis', 'Element Control', 'Energy Absorption', 'Energy Blasts', 'Energy Manipulation', 'Energy Resistance', 'Enhanced Senses', 'Flight', 'Force Fields', 'Heat Resistance', 'Illusions', 'Intelligence', 'Longevity', 'Magic', 'Magnetism', 'Mind Control Resistance', 'Radiation Immunity', 'Self-Sustenance', 'Super Breath', 'Super Speed', 'Super Strength', 'Teleportation', 'Toxin and Disease Resistance', 'Weapon-based Powers', 'Weapons Master', 'Weather Control']",Marvel Comics
1069,Red Hulk (Ghost Rider) (Venom),Thaddeus Ross,Thaddeus E. Ross,35,75,100,100,100,100,75,"['Accelerated Healing', 'Agility', 'Camouflage', 'Cold Resistance', 'Danger Sense', 'Durability', 'Endurance', 'Energy Absorption', 'Energy Blasts', 'Enhanced Senses', 'Fire Control', 'Fire Resistance', 'Heat Generation', 'Heat Resistance', 'Immortality', 'Intelligence', 'Invulnerability', 'Jump', 'Longevity', 'Magic', 'Magic Resistance', 'Marksmanship', 'Matter Manipulation', 'Natural Weapons', 'Psionic Powers', 'Radiation Absorption', 'Radiation Control', 'Radiation Immunity', 'Reflexes', 'Regeneration', 'Self-Sustenance', 'Shapeshifting', 'Stamina', 'Stealth', 'Super Breath', 'Super Speed', 'Super Strength', 'Toxin and Disease Resistance', 'Wallcrawling', 'Weapon-based Powers']",Marvel Comics
1070,Red Hulk,Thaddeus E. Ross,Thaddeus E. Ross,11,75,100,45,85,80,75,"['Accelerated Healing', 'Durability', 'Energy Absorption', 'Jump', 'Longevity', 'Radiation Absorption', 'Radiation Control', 'Radiation Immunity', 'Stamina', 'Super Speed', 'Super Strength', 'Toxin and Disease Resistance']",Marvel Comics
1122,Sakura Haruno,Haruno Sakura,Haruno Sakura,14,70,100,100,75,100,100,"['Acrobatics', 'Agility', 'Chi Manipulation', 'Duplication', 'Durability', 'Durability Negation', 'Immortality', 'Master Martial Artist', 'Mind Control Resistance', 'Reflexes', 'Regeneration', 'Shapeshifting', 'Stamina', 'Statistics Amplification', 'Summoning', 'Super Speed', 'Super Strength', 'Terrakinesis', 'Toxin and Disease Control', 'Vitakinesis', 'Wallcrawling', 'Water Control', 'Weapons Master']",Shueisha
1131,Sasuke Uchiha,Uchiha Sasuke,Uchiha Sasuke,33,75,100,100,100,100,100,"['Absorption', 'Acrobatics', 'Agility', 'Aura', 'Biokinesis', 'Chi Manipulation', 'Clairvoyance', 'Creation', 'Dimensional Travel', 'Duplication', 'Durability', 'Electrokinesis', 'Element Control', 'Energy Absorption', 'Energy Armor', 'Enhanced Sight', 'Extrasensory Perception', 'Fear Manipulation', 'Fire Control', 'Flight', 'Force Fields', 'Gravity Control', 'Illusions', 'Information Analysis', 'Master Martial Artist', 'Memory Manipulation', 'Mind Control', 'Ninjutsu', 'Non-Physical Interaction', 'Pain Manipulation', 'Paralysis', 'Perception Manipulation', 'Portal Creation', 'Power Mimicry', 'Precognition', 'Reflexes', 'Resurrection', 'Sealing', 'Shapeshifting', 'Sleep Manipulation', 'Soul Manipulation', 'Stamina', 'Statistics Amplification', 'Stealth', 'Summoning', 'Super Breath', 'Super Speed', 'Super Strength', 'Technopath/Cyberpath', 'Telekinesis', 'Telepathy', 'Teleportation', 'Vision - X-Ray', 'Vitakinesis', 'Wallcrawling', 'Weapon Creation', 'Weapons Master', 'Weather Control']",Shueisha
1144,Sentry,Robert Reynolds,Robert Reynolds,41,90,100,100,100,100,45,"['Accelerated Healing', 'Durability', 'Energy Absorption', 'Energy Blasts', 'Enhanced Hearing', 'Enhanced Sight', 'Flight', 'Force Fields', 'Immortality', 'Intelligence', 'Light Control', 'Molecular Manipulation', 'Regeneration', 'Resurrection', 'Shapeshifting', 'Super Speed', 'Super Strength', 'Telepathy', 'Teleportation', 'Vitakinesis', 'Weather Control']",Marvel Comics
1156,Shazam (DCEU),Billy Batson,William Batson,18,100,100,100,100,95,95,"['Agility', 'Cold Resistance', 'Durability', 'Electrokinesis', 'Element Control', 'Fire Resistance', 'Flight', 'Heat Resistance', 'Invulnerability', 'Jump', 'Super Speed', 'Super Strength', 'Toxin and Disease Resistance']",DC Comics
1157,Shazam,Billy Batson,William Joseph Batson,24,95,100,90,95,100,75,"['Accelerated Healing', 'Agility', 'Clairvoyance', 'Energy Blasts', 'Enhanced Hearing', 'Enhanced Memory', 'Flight', 'Hypnokinesis', 'Immortality', 'Intelligence', 'Invulnerability', 'Longevity', 'Magic', 'Magic Resistance', 'Marksmanship', 'Omnilingualism', 'Reflexes', 'Self-Sustenance', 'Stamina', 'Super Breath', 'Super Speed', 'Super Strength', 'Teleportation']",DC Comics
1158,She-Hulk,Jennifer Walters,Jennifer Walters,19,85,100,80,100,100,80,"['Accelerated Healing', 'Acrobatics', 'Agility', 'Cold Resistance', 'Durability', 'Enhanced Senses', 'Fire Resistance', 'Intelligence', 'Invulnerability', 'Jump', 'Longevity', 'Marksmanship', 'Mind Control Resistance', 'Radiation Absorption', 'Radiation Control', 'Radiation Immunity', 'Rage Power', 'Reactive Power Level', 'Reflexes', 'Regeneration', 'Seismic Power', 'Stamina', 'Super Speed', 'Super Strength', 'The Fourth Wall', 'Toxin and Disease Resistance', 'Transformation']",Marvel Comics
1174,Silver Surfer,Norrin Radd,Norrin Radd,47,80,100,100,90,100,30,"['Agility', 'Dimensional Awareness', 'Durability', 'Energy Absorption', 'Energy Blasts', 'Energy Manipulation', 'Flight', 'Gravity Control', 'Immortality', 'Intangibility', 'Invulnerability', 'Marksmanship', 'Molecular Manipulation', 'Phasing', 'Portal Creation', 'Power Cosmic', 'Stamina', 'Super Speed', 'Super Strength', 'Teleportation', 'Time Travel']",Marvel Comics
1184,Skeletor,Keldor,Keldor,35,100,95,100,75,100,85,"['Accelerated Healing', 'Afterimage Creation', 'Animated Shadow', 'Banish', 'Chaos Magic', 'Cryokinesis', 'Dimensional Travel', 'Dream Manipulation', 'Electrokinesis', 'Energy Beams', 'Energy Blasts', 'Energy Manipulation', 'Enhanced Smell', 'Fear Manipulation', 'Fire Control', 'Force Fields', 'Gravity Control', 'Hypnokinesis', 'Intelligence', 'Levitation', 'Magic', 'Magic Resistance', 'Melting', 'Mind Blast', 'Mind Control', 'Molecular Combustion', 'Molecular Manipulation', 'Necromancy', 'Necromancy', 'Pain Manipulation', 'Perception Manipulation', 'Portal Creation', 'Power Augmentation', 'Psionic Powers', 'Radiation Immunity', 'Seismic Power', 'Sleep Manipulation', 'Sonic Scream', 'Summoning', 'Super Speed', 'Telekinesis', 'Telepathy', 'Telepathy Resistance', 'Teleportation', 'Toxin and Disease Resistance', 'Vision - Telescopic', 'Water Control', 'Weapon Creation', 'Weapons Master']",Mattel
1191,Solomon Grundy,Cyrus Gold,Cyrus Gold,7,55,95,15,100,90,30,"['Cold Resistance', 'Durability', 'Energy Absorption', 'Fire Resistance', 'Invulnerability', 'Resurrection', 'Self-Sustenance', 'Stamina', 'Super Strength', 'Toxin and Disease Resistance']",DC Comics
1202,Spectre Oversoul,Aztar,Aztar,∞,100,100,100,100,100,80,"['Acausality', 'Astral Projection', 'Astral Trap', 'Camouflage', 'Clairvoyance', 'Cold Resistance', 'Creation', 'Darkforce Manipulation', 'Dimensional Awareness', 'Dimensional Travel', 'Dream Manipulation', 'Dream Manipulation', 'Durability', 'Durability Negation', 'Energy Absorption', 'Energy Beams', 'Energy Blasts', 'Energy Manipulation', 'Existence Erasure', 'Fate Manipulation', 'Fear Manipulation', 'Fire Resistance', 'Force Fields', 'Gravity Control', 'Heat Resistance', 'Higher Dimensional Manipulation', 'Illumination', 'Illusions', 'Immortality', 'Intangibility', 'Intelligence', 'Invisibility', 'Invulnerability', 'Life Manipulation', 'Magic', 'Magic Resistance', 'Matter Manipulation', 'Memory Manipulation', 'Molecular Manipulation', 'Nigh-Omnipresent', 'Nigh-Omniscient', 'Non-Physical Interaction', 'Physics Manipulation', 'Possession', 'Power Absorption', 'Power Augmentation', 'Power Bestowal', 'Power Nullifier', 'Power Sense', 'Precognition', 'Reality Warping', 'Reflexes', 'Regeneration', 'Resurrection', 'Self-Sustenance', 'Shapeshifting', 'Size Changing', 'Sleep Manipulation', 'Stamina', 'Super Strength', 'Telekinesis', 'Telepathy', 'Telepathy Resistance', 'Teleportation', 'Time Manipulation', 'Time Travel', 'Toxin and Disease Control', 'Toxin and Disease Resistance', 'Transformation', 'Underwater breathing', 'Vitakinesis']",DC Comics
1244,Strange Visitor Superman,Kal-El,Clark Joseph Kent,47,90,100,100,100,100,90,"['Accelerated Healing', 'Agility', 'Cold Resistance', 'Dexterity', 'Duplication', 'Durability', 'Endurance', 'Energy Absorption', 'Energy Beams', 'Enhanced Hearing', 'Enhanced Memory', 'Enhanced Senses', 'Enhanced Sight', 'Enhanced Smell', 'Enhanced Touch', 'Fire Resistance', 'Flight', 'Heat Resistance', 'Hypnokinesis', 'Immortality', 'Intangibility', 'Intelligence', 'Invulnerability', 'Jump', 'Longevity', 'Marksmanship', 'Radiation Immunity', 'Reality Warping', 'Reflexes', 'Regeneration', 'Self-Sustenance', 'Stamina', 'Super Breath', 'Super Speed', 'Super Strength', 'Telekinesis', 'Telepathy', 'Time Manipulation', 'Toxin and Disease Resistance', 'Vision - Heat', 'Vision - Microscopic', 'Vision - Telescopic', 'Vision - X-Ray']",DC Comics
1249,Superboy-Prime,Kal-El,Kal-El,19,95,100,100,100,100,85,"['Accelerated Healing', 'Durability', 'Energy Absorption', 'Enhanced Hearing', 'Enhanced Senses', 'Enhanced Smell', 'Flight', 'Hypnokinesis', 'Intelligence', 'Invulnerability', 'Jump', 'Longevity', 'Magic Resistance', 'Power Suit', 'Stamina', 'Super Breath', 'Super Speed', 'Super Strength', 'Vision - Heat', 'Vision - Infrared', 'Vision - Microscopic', 'Vision - Telescopic', 'Vision - X-Ray']",DC Comics
1250,Supergirl (Injustice),Kara Zor-El,Kara Zor-El,20,90,100,100,100,100,95,"['Accelerated Healing', 'Agility', 'Cold Resistance', 'Durability', 'Endurance', 'Energy Absorption', 'Energy Blasts', 'Energy Resistance', 'Enhanced Hearing', 'Enhanced Memory', 'Enhanced Senses', 'Enhanced Sight', 'Enhanced Smell', 'Fire Resistance', 'Flight', 'Heat Resistance', 'Intelligence', 'Invulnerability', 'Jump', 'Longevity', 'Marksmanship', 'Mind Control Resistance', 'Radiation Absorption', 'Reflexes', 'Self-Sustenance', 'Stamina', 'Stealth', 'Super Breath', 'Super Speed', 'Super Strength', 'Toxin and Disease Resistance', 'Vision - Heat', 'Vision - Infrared', 'Vision - Microscopic', 'Vision - Night', 'Vision - Telescopic', 'Vision - Thermal', 'Vision - X-Ray']",DC Comics
1251,Supergirl,Kara Zor-El,Kara Zor-El,19,95,100,100,100,100,75,"['Accelerated Healing', 'Agility', 'Cold Resistance', 'Durability', 'Energy Absorption', 'Enhanced Hearing', 'Enhanced Memory', 'Enhanced Senses', 'Flight', 'Heat Resistance', 'Hypnokinesis', 'Intelligence', 'Invulnerability', 'Jump', 'Reflexes', 'Stamina', 'Super Breath', 'Super Speed', 'Super Strength', 'Toxin and Disease Resistance', 'Vision - Heat', 'Vision - Infrared', 'Vision - Microscopic', 'Vision - Night', 'Vision - Telescopic', 'Vision - Thermal', 'Vision - X-Ray']",DC Comics
1253,Superman (2006),Kal-El,Kal-El,17,85,100,100,100,100,75,"['Absorption', 'Cryokinesis', 'Durability', 'Element Control', 'Energy Absorption', 'Enhanced Hearing', 'Enhanced Sight', 'Flight', 'Invulnerability', 'Longevity', 'Reflexes', 'Regeneration', 'Stamina', 'Super Breath', 'Super Speed', 'Super Strength', 'Vision - Heat', 'Vision - Telescopic']",DC Comics
1254,Superman (Post-Crisis),Kal-El,Clark Joseph Kent (Kal-El),28,95,100,100,100,100,85,"['Accelerated Healing', 'Agility', 'Cold Resistance', 'Durability', 'Energy Absorption', 'Energy Beams', 'Enhanced Hearing', 'Enhanced Memory', 'Enhanced Senses', 'Enhanced Sight', 'Enhanced Smell', 'Fire Resistance', 'Flight', 'Heat Resistance', 'Hypnokinesis', 'Intelligence', 'Invulnerability', 'Jump', 'Longevity', 'Marksmanship', 'Reflexes', 'Stamina', 'Super Breath', 'Super Speed', 'Super Strength', 'Vision - Heat', 'Vision - Microscopic', 'Vision - Telescopic', 'Vision - X-Ray']",DC Comics
1257,Swamp Thing,Alec Holland,Alec Holland,15,95,95,25,100,100,55,"['Camouflage', 'Duplication', 'Flight', 'Illusions', 'Immortality', 'Intelligence', 'Longevity', 'Natural Armor', 'Plant Control', 'Resurrection', 'Self-Sustenance', 'Size Changing', 'Stealth', 'Super Strength', 'The Green']",DC Comics
1270,Thanos,Thanos,Thanos,77,100,100,75,100,100,100,"['Absorption', 'Accelerated Healing', 'Agility', 'Astral Projection', 'Clairvoyance', 'Cold Resistance', 'Darkforce Manipulation', 'Durability', 'Energy Absorption', 'Energy Blasts', 'Energy Manipulation', 'Enhanced Senses', 'Fire Resistance', 'Force Fields', 'Godly Physiology', 'Gravity Control', 'Heat Resistance', 'Indomitable Will', 'Insanity', 'Intelligence', 'Invulnerability', 'Levitation', 'Longevity', 'Magic', 'Magic Resistance', 'Master Tactician', 'Matter Manipulation', 'Mind Control', 'Mind Control Resistance', 'Omnilingualism', 'Power Absorption', 'Psionic Powers', 'Radiation Immunity', 'Reflexes', 'Regeneration', 'Sealing', 'Self-Sustenance', 'Size Changing', 'Stamina', 'Super Speed', 'Super Strength', 'Telekinesis', 'Telepathy', 'Telepathy Resistance', 'Teleportation', 'Time Travel', 'Toxin and Disease Resistance', 'Vision - Heat', 'Weapon-based Powers', 'Weapons Master']",Marvel Comics
1272,The Beyonder (Earth-1298),Beyonder,Beyonder,∞,100,100,100,100,100,50,"['Acausality', 'Accelerated Healing', 'Age Manipulation', 'Agility', 'Astral Projection', 'Banish', 'Causality Manipulation', 'Conceptual Manipulation', 'Darkforce Manipulation', 'Death Manipulation', 'Dexterity', 'Dimensional Awareness', 'Durability', 'Element Control', 'Empathy', 'Energy Absorption', 'Energy Beams', 'Energy Blasts', 'Energy Constructs', 'Energy Manipulation', 'Enhanced Senses', 'Flight', 'Force Fields', 'Gravity Control', 'Higher Dimensional Manipulation', 'Immortality', 'Intelligence', 'Invisibility', 'Invulnerability', 'Jump', 'Light Control', 'Matter Manipulation', 'Memory Manipulation', 'Mind Control', 'Nigh-Omnipotent', 'Nigh-Omnipresent', 'Nigh-Omniscient', 'Omnilingualism', 'Physics Manipulation', 'Portal Creation', 'Psionic Powers', 'Reality Warping', 'Reflexes', 'Regeneration', 'Resurrection', 'Self-Sustenance', 'Shapeshifting', 'Size Changing', 'Soul Manipulation', 'Spatial Awareness', 'Stamina', 'Stealth', 'Super Breath', 'Super Speed', 'Super Strength', 'Telekinesis', 'Telepathy', 'Teleportation', 'Time Manipulation', 'Vitakinesis', 'Weapons Master', 'Wishing']",Marvel Comics
1286,The Keeper,Norrin Radd,Norrin Radd,152,75,100,100,100,100,75,"['Accelerated Healing', 'Agility', 'Astral Projection', 'Clairvoyance', 'Cold Resistance', 'Dexterity', 'Dimensional Travel', 'Durability', 'Empathy', 'Endurance', 'Energy Absorption', 'Energy Manipulation', 'Enhanced Senses', 'Fate Manipulation', 'Fire Control', 'Fire Resistance', 'Force Fields', 'Gravity Control', 'Heat Generation', 'Heat Resistance', 'Illusions', 'Immortality', 'Intangibility', 'Intelligence', 'Invulnerability', 'Life Manipulation', 'Marksmanship', 'Matter Manipulation', 'Memory Manipulation', 'Mind Control', 'Molecular Manipulation', 'Phasing', 'Portal Creation', 'Power Cosmic', 'Precognition', 'Psionic Powers', 'Radiation Control', 'Radiation Immunity', 'Reflexes', 'Regeneration', 'Resurrection', 'Sealing', 'Self-Sustenance', 'Shapeshifting', 'Size Changing', 'Sleep Manipulation', 'Soul Manipulation', 'Spatial Manipulation', 'Stamina', 'Statistics Amplification', 'Super Speed', 'Super Strength', 'Technopath/Cyberpath', 'Telekinesis', 'Telepathy', 'Teleportation', 'Time Travel', 'Toxin and Disease Resistance', 'Transmutation', 'Weapon Creation', 'Weather Control', 'Wind Control']",Marvel Comics
1311,Thor (Odin Force),Thor Odinson,Thor Odinson,83,85,100,100,100,100,100,"['Absorption', 'Accelerated Healing', 'Berserk Mode', 'Cold Resistance', 'Dexterity', 'Dimensional Awareness', 'Dimensional Travel', 'Durability', 'Electrokinesis', 'Element Control', 'Endurance', 'Energy Absorption', 'Energy Beams', 'Energy Blasts', 'Energy Manipulation', 'Enhanced Hearing', 'Enhanced Senses', 'Enhanced Sight', 'Fire Resistance', 'Flight', 'Godly Physiology', 'Heat Resistance', 'Intangibility', 'Intelligence', 'Invulnerability', 'Levitation', 'Longevity', 'Magic', 'Magic Resistance', 'Marksmanship', 'Mind Control Resistance', 'Odin Force', 'Omni-Sense', 'Omnilingualism', 'Portal Creation', 'Reflexes', 'Regeneration', 'Self-Sustenance', 'Soul Manipulation', 'Super Speed', 'Super Strength', 'Teleportation', 'Time Manipulation', 'Time Travel', 'Toxin and Disease Resistance', 'Weapons Master', 'Weather Control']",Marvel Comics
1337,True Form Oblivion,Oblivion,Oblivion,∞,100,100,100,100,100,100,"['Accelerated Healing', 'Adaptation', 'Age Manipulation', 'Agility', 'Animal Control', 'Animation', 'Astral Projection', 'Astral Travel', 'Biokinesis', 'Camouflage', 'Causality Manipulation', 'Chaos Magic', 'Conceptual Manipulation', 'Creation', 'Darkforce Manipulation', 'Death Manipulation', 'Death Touch', 'Density Control', 'Dimensional Awareness', 'Dimensional Travel', 'Dream Manipulation', 'Dream Manipulation', 'Duplication', 'Durability', 'Elasticity', 'Electrokinesis', 'Element Control', 'Empathy', 'Energy Absorption', 'Energy Beams', 'Energy Blasts', 'Energy Constructs', 'Energy Manipulation', 'Entropy Projection', 'Existence Erasure', 'Fate Manipulation', 'Fire Control', 'Flight', 'Force Fields', 'Gravity Control', 'Grim Reaping', 'Heat Generation', 'Higher Dimensional Manipulation', 'Hypnokinesis', 'Illumination', 'Illusions', 'Immortality', 'Insanity', 'Instinctive Reaction', 'Intelligence', 'Invisibility', 'Invulnerability', 'Levitation', 'Life Manipulation', 'Light Control', 'Magic', 'Magic Resistance', 'Magnetism', 'Matter Absorption', 'Matter Manipulation', 'Mind Control', 'Molecular Dissipation', 'Nigh-Omnipotent', 'Nigh-Omniscient', 'Non-Corporeal', 'Omnilingualism', 'Omnipresent', 'Physics Manipulation', 'Plant Control', 'Plot Manipulation', 'Possession', 'Power Absorption', 'Power Augmentation', 'Power Bestowal', 'Power Mimicry', 'Power Nullifier', 'Precognition', 'Probability Manipulation', 'Reactive Power Level', 'Reality Warping', 'Regeneration', 'Resurrection', 'Self-Destruction', 'Self-Sustenance', 'Shapeshifting', 'Size Changing', 'Sleep Manipulation', 'Soul Manipulation', 'Stamina', 'Stealth', 'Super Speed', 'Super Strength', 'Telekinesis', 'Telepathy', 'Teleportation', 'The Fourth Wall', 'Time Manipulation', 'Time Travel', 'Toxin and Disease Control', 'Toxin and Disease Resistance', 'Underwater breathing', 'Void Manipulation', 'Weather Control']",Marvel Comics
1348,Unicron,Unicron,Unicron,146,100,100,100,100,100,65,"['Adaptation', 'Agility', 'Anti-Gravity', 'Biokinesis', 'Changing Armor', 'Clairvoyance', 'Cold Resistance', 'Darkforce Manipulation', 'Death Touch', 'Dimensional Awareness', 'Dimensional Travel', 'Duplication', 'Empathy', 'Energy Absorption', 'Energy Beams', 'Energy Blasts', 'Energy Manipulation', 'Energy Resistance', 'Enhanced Hearing', 'Enhanced Memory', 'Enhanced Senses', 'Enhanced Sight', 'Enhanced Smell', 'Enhanced Touch', 'Fire Resistance', 'Flight', 'Force Fields', 'Gravity Control', 'Grim Reaping', 'Heat Resistance', 'Immortality', 'Intelligence', 'Invulnerability', 'Mind Control', 'Mind Control Resistance', 'Molecular Manipulation', 'Omnilingualism', 'Portal Creation', 'Power Augmentation', 'Power Nullifier', 'Probability Manipulation', 'Projection', 'Psionic Powers', 'Radiation Immunity', 'Reality Warping', 'Reflexes', 'Regeneration', 'Resurrection', 'Seismic Power', 'Self-Sustenance', 'Shapeshifting', 'Size Changing', 'Spatial Awareness', 'Stamina', 'Super Speed', 'Super Strength', 'Telepathy', 'Telepathy Resistance', 'Time Manipulation', 'Toxin and Disease Resistance', 'Umbrakinesis']",Hasbro
1361,Vegeta,Vegeta IV,Prince Vegeta IV,25,80,100,100,100,100,100,"['Accelerated Healing', 'Adaptation', 'Afterimage Creation', 'Agility', 'Audio Control', 'Chi Manipulation', 'Cold Resistance', 'Durability', 'Energy Absorption', 'Energy Armor', 'Energy Beams', 'Energy Blasts', 'Energy Constructs', 'Enhanced Senses', 'Explosion Manipulation', 'Fire Control', 'Flight', 'Force Fields', 'Heat Resistance', 'Latent Abilities', 'Light Control', 'Longevity', 'Mind Control Resistance', 'Portal Creation', 'Power Mimicry', 'Power Nullifier', 'Power Sense', 'Radar Sense', 'Radiation Immunity', 'Reactive Power Level', 'Reflexes', 'Seismic Power', 'Self-Destruction', 'Shapeshifting', 'Stamina', 'Super Speed', 'Super Strength', 'Telekinesis', 'Toxin and Disease Resistance', 'Weather Control']",Shueisha
1416,Wonder Girl (Titans),Donna Troy,Donna Troy,15,100,95,65,65,70,100,"['Agility', 'Dexterity', 'Durability', 'Endurance', 'Intelligence', 'Intuitive aptitude', 'Jump', 'Longevity', 'Marksmanship', 'Reflexes', 'Stamina', 'Stealth', 'Super Speed', 'Super Strength', 'Weapon-based Powers', 'Weapons Master']",DC Comics
1417,Wonder Girl,Diana Prince,"Cassandra ""Cassie"" Elizabeth Sandsmark",18,95,100,75,100,100,100,"['Durability', 'Flight', 'Immortality', 'Invulnerability', 'Reflexes', 'Super Speed', 'Super Strength']",DC Comics
1418,Wonder Man,Simon Williams,Simon Williams,13,90,100,55,90,65,65,"['Durability', 'Energy Blasts', 'Flight', 'Invulnerability', 'Longevity', 'Reflexes', 'Self-Sustenance', 'Size Changing', 'Stamina', 'Super Speed', 'Super Strength']",Marvel Comics
1421,Wonder Woman,Diana Prince,Diana of Themyscira,17,95,100,80,100,100,100,"['Accelerated Healing', 'Animal Oriented Powers', 'Dimensional Travel', 'Durability', 'Enhanced Hearing', 'Enhanced Memory', 'Enhanced Senses', 'Enhanced Smell', 'Fire Resistance', 'Flight', 'Force Fields', 'Hypnokinesis', 'Intelligence', 'Longevity', 'Magic Resistance', 'Marksmanship', 'Reflexes', 'Stamina', 'Super Speed', 'Super Strength', 'Telepathy', 'Toxin and Disease Resistance', 'Vision - Infrared', 'Vision - Microscopic', 'Vision - Night', 'Vision - Telescopic', 'Vision - Thermal', 'Vision - X-Ray', 'Weapon-based Powers', 'Weapons Master']",DC Comics
1424,World Breaker Hulk,Bruce Banner,Robert Bruce Banner,37,85,100,85,100,100,85,"['Accelerated Healing', 'Adaptation', 'Agility', 'Cold Resistance', 'Dexterity', 'Dimensional Awareness', 'Durability', 'Endurance', 'Energy Absorption', 'Energy Manipulation', 'Energy Resistance', 'Enhanced Senses', 'Fire Resistance', 'Heat Resistance', 'Immortality', 'Intelligence', 'Invulnerability', 'Jump', 'Latent Abilities', 'Longevity', 'Mind Control Resistance', 'Physical Anomaly', 'Power Augmentation', 'Radiation Absorption', 'Radiation Control', 'Radiation Immunity', 'Reflexes', 'Regeneration', 'Resurrection', 'Seismic Power', 'Self-Sustenance', 'Shapeshifting', 'Size Changing', 'Spatial Awareness', 'Stamina', 'Super Breath', 'Super Speed', 'Super Strength', 'Telepathy Resistance', 'Toxin and Disease Resistance', 'Underwater breathing']",Marvel Comics
1446,Zero,DWN-∞: Zero,DWN-∞: Zero,18,80,100,100,100,100,80,"['Accelerated Healing', 'Acrobatics', 'Agility', 'Cold Resistance', 'Dexterity', 'Durability', 'Element Control', 'Endurance', 'Energy Manipulation', 'Enhanced Senses', 'Intangibility', 'Intelligence', 'Invulnerability', 'Jump', 'Longevity', 'Marksmanship', 'Matter Manipulation', 'Mind Control', 'Natural Weapons', 'Reflexes', 'Self-Sustenance', 'Soul Manipulation', 'Stamina', 'Statistics Amplification', 'Stealth', 'Super Breath', 'Super Speed', 'Super Strength', 'Toxin and Disease Resistance', 'Transmutation', 'Underwater breathing', 'Weapon-based Powers', 'Weapons Master']",Capcom
